{"chunk_definitions":[{"row":11,"row_count":1,"visible":true,"expansion_state":0,"options":{"engine":"r","label":"setup","include":false,"dev":"png"},"document_id":"E5C15BE9","chunk_id":"csetup_chunk","chunk_label":"setup"},{"row":22,"row_count":1,"visible":true,"expansion_state":0,"options":{"engine":"r","label":"unnamed-chunk-4","dev":"png"},"document_id":"E5C15BE9","chunk_id":"cvrl7mivhkgqd","chunk_label":"unnamed-chunk-1"},{"row":49,"row_count":1,"visible":true,"expansion_state":0,"options":{"engine":"r","label":"unnamed-chunk-8","dev":"png"},"document_id":"E5C15BE9","chunk_id":"cx210a75k7qvr","chunk_label":"unnamed-chunk-2"},{"row":58,"row_count":1,"visible":true,"expansion_state":0,"options":{"engine":"r","label":"unnamed-chunk-2","dev":"png"},"document_id":"E5C15BE9","chunk_id":"cnn3vqa1es1wj","chunk_label":"unnamed-chunk-3"},{"row":61,"row_count":1,"visible":true,"expansion_state":0,"options":{"engine":"r","label":"unnamed-chunk-3","dev":"png"},"document_id":"E5C15BE9","chunk_id":"cg263m98m1z72","chunk_label":"unnamed-chunk-4"},{"row":89,"row_count":1,"visible":true,"expansion_state":0,"options":{"engine":"r","label":"unnamed-chunk-6","dev":"png"},"document_id":"E5C15BE9","chunk_id":"cfabjee6mta43","chunk_label":"unnamed-chunk-5"},{"row":111,"row_count":1,"visible":true,"expansion_state":0,"options":{"engine":"r","label":"unnamed-chunk-7","dev":"png"},"document_id":"E5C15BE9","chunk_id":"c9cjncsfeye0p","chunk_label":"unnamed-chunk-6"}],"doc_write_time":1746052881,"chunk_rendered_width":641,"working_dir":null,"default_chunk_options":{"echo":true}}