"0","library(microbenchmark)"
"0","set.seed(2017)"
"0","n <- 10000"
"0","p <- 100"
"0","X <- matrix(rnorm(n*p), n, p)"
"0","y <- X %*% rnorm(p) + rnorm(n)  # Corregido: rnorm(n) en lugar de rnorm(100)"
"0",""
"0","check_for_equal_coefs <- function(values) {"
"0","  tol <- 1e-12"
"0","  max_error <- max(c(abs(values[[1]] - values[[2]]),"
"0","                   abs(values[[2]] - values[[3]]),"
"0","                   abs(values[[1]] - values[[3]])))"
"0","  max_error < tol"
"0","}"
"0",""
"0","mbm <- microbenchmark(""lm"" = { b <- lm(y ~ X + 0)$coef },"
"0","                     ""pseudoinverse"" = { b <- solve(t(X) %*% X) %*% t(X) %*% y },"
"0","                     ""linear system"" = { b <- solve(t(X) %*% X, t(X) %*% y) },"
"0","                     check = check_for_equal_coefs)"
"0",""
"0","mbm"
"1","Unit: "
"1",""
"1","milliseconds"
"1",""
"1","
"
